cod_articulo,marca
A011,ABRASIVOSOCOROX
A012,ABRASIVOSOCOROX
A025,ABRASIVOSOCOROX
A026,ABRASIVOSOCOROX
A05550,
A05702,
A06425,
A06600,
A06800,
A08500,
A10812,
A120N,
A12780,
A12800,
A15100,
A15120,
A15800,
A16400,
A16600,
A1816120,
A20100,
A20611,MAIOL
A20810,MAIOL
A20814,MAIOL
A21010,MAIOL
A21016,MAIOL
A21220,MAIOL
A21624,MAIOL
A21927,MAIOL
A220N,
A22101,
A22534,MAIOL
A23055,
A23100,
A23101,
A23103,
A23120,
A23230,
A25,
A30R,
A31000,
A31150,
A40612,MAIOL
A40810,MAIOL
A40814,MAIOL
A41010,MAIOL
A41017,MAIOL
A41220,MAIOL
A41624,MAIOL
A41928,MAIOL
A42535,MAIOL
A43150,
A80810,MAIOL
A80815,MAIOL
A81010,MAIOL
A81018,MAIOL
A84700,
A84800,
A85650,
A85750,
A85850,
AA025P,
AA030P,
AA040P,
AA050P,
AA060P,
AA070P,
AA080P,
AA100P,
AA202,
AA301P,
AA302P,
AA306,LK
AA307,
AA308,LK
AA309,
AA310,
AA444P,
AA505P,LK
AA508P,LK
AA618P,LK
AA746,
AACAR06,
AACAR08,
AACAR10,
AACAR12,
AACCA06,
AACCA08,
AACCA10,
AACCA12,
AACCA16,
AACCI06,
AACCI08,
AACCI10,
AACCI12,
AACES06,
AACES08,
AACES10,
AACES12,
AACGA06,
AACGA08,
AACGA10,
AACGA12,
AACTO06,
AACTO08,
AACTO10,
AACTO12,
AACTO16,
AALR6,
AB6I012,
AB6I015,
AB6I016,
AB6I018,
AB6I022,
AB6I026,
AB6I028,
AB6I032,
AB6I035,
AB6I042,
AB6I048,
AB6I054,
AB6I060,
AB7IDZ0810,
AB7IDZ1012,
AB7IDZ1214,
AB7IDZ1416,
AB7IDZ1618,
AB7IDZ1820,
AB7IDZ2022,
AB7IDZ2224,
AB7IDZ2628,
AB7IZ010,
AB7IZ012,
AB7IZ014,
AB7IZ016,
AB7IZ018,
AB7IZ020,
AB7IZ022,
AB7IZ024,
AB7IZ026,
AB7IZ028,
AB7IZ032,
AB7IZ034,
AB7IZ036,
AB7IZ038,
AB7IZ040,
AB7IZ050,
ABA4832,
ABA4838,
ABA4845,
ABA4850,
ABA5538,
ABA5545,
ABA6370,
ABA6385,
ABAIS13010,
ABAIS13012,
ABAIS13015,
ABAIS13018,
ABAIS13022,
ABAIS13028,
ABAIS19010,
ABAIS19012,
ABAIS19015,
ABAIS19017,
ABAIS19018,
ABAIS19022,
ABAIS19028,
ABAIS19035,
ABAIS19042,
ABAIS19054,
ABAIS19060,
ABAIS19064,
ABAIS19067,
ABAIS19076,
ABAIS19080,
ABAIS19114,
ABAIS30027,
ABAIS30034,
ABAIS30042,
ABAIS30049,
ABAIS30054,
ABAIS30060,
ABAIS30076,
ABAIS30089,
ABAIS30108,
ABAIS30114,
ABAIS40049,
ABAIS40060,
ABAIS40089,
ABAIS40114,
ABAIS40133,
ABAIS40140,
ABAIS40159,
ABAIS40168,
ABAIS40219,
ABBU1315,
ABBU1618,
ABBU1921,
ABC5I00,JMA
ABCH00034,
ABCH01000,
ABCH01012,
ABCH01014,
ABCH02000,
ABCH02012,
ABCH03000,
ABCH04000,
ABCH05000,
ABCH06000,
ABCH08000,
ABCH10000,
ABCH12000,
ABCH14000,
ABCH16000,
ABCIKIT25,
ABCR010,
ABCR012,
ABD6012,
ABD6015,
ABD6018,
ABD6022,
ABD6028,
ABDE075,
ABDE090,
ABDE110,
ABDE125,
ABDE160,
ABDE200,
ABDE250,
ABDE315,
ABDI0012,
ABDI0015,
ABDI0018,
ABDI0022,
ABDI0028,
ABDP075,
ABDP090,
ABDP110,
ABDP125,
ABDP160,
ABDP200,
ABDP250,
ABDZ6012,
ABDZ6015,
ABDZ6018,
ABDZ6022,
ABDZ6028,
ABDZ70810,
ABDZ71012,
ABDZ71214,
ABDZ71416,
ABDZ71618,
ABDZ71820,
ABDZ72022,
ABDZ72224,
ABDZ72628,
ABE144219,
ABE144225,
ABE144819CP,
ABE144825,
ABE144832,
ABE144838,
ABE145522,
ABE145532,
ABE164219,
ABE164816,
ABE164819,
ABE164819CP,
ABE164825,
ABE164832,
ABE164838,
ABE165519,
ABE165522CP,
ABE165525,
ABE165532,
ABE165538,
ABE165550,
ABE165563,
ABE165575,
ABE166310,
ABE166311,
ABE166312,
ABE166313,
ABE166314,
ABE166319,
ABE166325CP,
ABE166332,
ABE166338,
ABE166350,
ABE166363,
ABE166375,
ABE166380,
ABE166390,
ABE184819,
ABE184825,
ABE184838,
ABE185522,
ABE185525,
ABE185532,
ABE185538,
ABE185550,
ABE185563,
ABE186310,
ABE186311,
ABE186312,
ABE186313,
ABE186314,
ABE186319,
ABE186325,
ABE186332,
ABE186338,
ABE186350,
ABE186363,
ABE186375,
ABE186380,
ABE186390,
ABE255522,
ABE255525,
ABE256310,
ABE256311,
ABE256312,
ABE256313,
ABE256314,
ABE256325,
ABE256332,
ABE256338,
ABE256350,
ABE256363,
ABE256380,
ABE256390,
ABE3509,
ABE3513,
ABE3516,
ABE3519,
ABE4213,
ABE4216,
ABE4219,
ABE4225,
ABE4232,
ABE4238,
ABE4813,
ABE4816,
ABE4819,
ABE4825,
ABE4832,
ABE4838,
ABE5522,
ABE5532,
ABE5538,
ABE5550,
ABE5563,
ABE5575,
ABE6310,
ABE6311,
ABE6312,
ABE6313,
ABE6314,
ABE6315,
ABE6316,
ABE6318,
ABE6319,
ABE6320,
ABE6322,
ABE6324,
ABE6325,
ABE6332,
ABE6338,
ABE6350,
ABE6363,
ABE6380,
ABE6390,
ABEI4213,
ABEI4216,
ABEI4219,
ABEI4813,
ABEI4816,
ABEI4819,
ABEI4825,
ABEI4832,
ABEI5519,
ABEI5522,
ABEI5525,
ABEI6319,
ABEI6325,
ABFC09,
ABFC14,
ABFC19,
ABFP25,
ABFP32,
ABGA018,
ABGA022,
ABGA028,
ABGA035,
ABGA040,
ABGA048,
ABGA054,
ABGA060,
ABGA075,
ABGA090,
ABGA100,
ABGA110,
ABGA115,
ABGA140,
ABGA160,
ABGD012,
ABGD015,
ABGD018,
ABGD022,
ABGD028,
ABGM012,
ABGM015,
ABGM018,
ABGM022,
ABGM028,
ABGM035,
ABGS010,
ABGS012,
ABGS015,
ABGS018,
ABGS022,
ABGS028,
ABGS035,
ABGS042,
ABGS054,
ABGUG15,
ABGUG18,
ABGUG20,
ABGUG22,
ABGUG25,
ABGUG28,
ABGUG32,
ABGUG40,
ABGUG50,
ABGX4121,
ABIA015,
ABIA018,
ABIA022,
ABIA028,
ABIA035,
ABIA042,
ABIA048,
ABIA054,
ABIA060,
ABIA075,
ABIA090,
ABIA100,
ABIA110,
ABIA115,
ABIA125,
ABICP060,
ABICP075,
ABICP090,
ABICP110,
ABICP140,
ABICP160,
ABICP220,
ABICP270,
ABICP315,
ABID012,
ABID014,
ABID016,
ABID020,
ABID028,
ABIN012,
ABIN014,
ABIN016,
ABIN020,
ABIN025,
ABIN028,
ABIN032,
ABIN035,
ABIP015,
ABIP018,
ABIP022,
ABIP026,
ABIP028,
ABIP035,
ABIP042,
ABIP048,
ABIP054,
ABIP060,
ABIP067,
ABIP075,
ABIP090,
ABIR015,
ABIR018,
ABIR022,
ABIR028,
ABIR035,
ABIR040,
ABIR048,
ABIR054,
ABIR060,
ABM6008,
ABM6025,
ABM6035,
ABM6037,
ABM6040,
ABM6050,
ABM6054,
ABM6060,
ABM6063,
ABM6A2012,
ABM6A2015,
ABM6A2018,
ABM6A2020,
ABM6A2022,
ABM6A2028,
ABM8050,
ABM8063,
ABM8075,
ABM8090,
ABM8110,
ABM8125,
ABM8160,
ABM8200,
ABM8250,
ABM8315,
ABMD10,
ABMD12,
ABMD14,
ABMD16,
ABMD18,
ABMD20,
ABMD22,
ABMD26,
ABMD28,
ABMS10,
ABMS12,
ABMS14,
ABMS16,
ABMS18,
ABMS20,
ABMS22,
ABMS26,
ABMS28,
ABMUG15,
ABMUG18,
ABMUG22,
ABMUG26,
ABMUG32,
ABMUG40,
ABMUG48,
ABMZ6008,
ABMZ6010,
ABMZ6012,
ABMZ6014,
ABMZ6015,
ABMZ6016,
ABMZ6018,
ABMZ6020,
ABMZ6022,
ABMZ6025,
ABMZ6026,
ABMZ6028,
ABMZ6032,
ABMZ6035,
ABMZ6037,
ABMZ6040,
ABMZ6042,
ABMZ6047,
ABMZ6050,
ABMZ6054,
ABMZ6060,
ABMZ6063,
ABMZ7008,
ABMZ7010,
ABMZ7012,
ABMZ7014,
ABMZ7016,
ABMZ7018,
ABMZ7020,
ABMZ7022,
ABMZ7024,
ABMZ7025,
ABMZ7026,
ABMZ7028,
ABMZ7032,
ABMZ7034,
ABMZ7036,
ABMZ7038,
ABMZ7040,
ABMZ7050,
ABMZ7063,
ABONO,
ABP3509,
ABP3511,
ABP3513,
ABP3516,
ABP3519,
ABP3522,
ABP3525,
ABP3913,
ABP3916,
ABP3919,
ABP3922,
ABP3925,
ABP3932,
ABP3938,
ABP4213,
ABP4216,
ABP4219,
ABP4222,
ABP4225,
ABP4232,
ABP4238,
ABP4813,
ABP4816,
ABP4819,
ABP4825,
ABP4832,
ABP4838,
ABP4850,
ABP5519,
ABP5525,
ABP5532,
ABP5538,
ABP5550,
ABPE028,
ABPE035,
ABPE040,
ABPE048,
ABPE060,
ABPE075,
ABPE090,
ABPE100,
ABPE115,
ABPE140,
ABPE160,
ABPE220,
ABPI025,
ABPI042,
ABPI047,
ABPI050,
ABPI063,
ABPID016,
ABPID020,
ABPID025,
ABPID032,
ABPM720,
ABPM730,
ABPM740,
ABPRG12,
ABPRG15,
ABPRG20,
ABPRG25,
ABPRG32,
ABPRG40,
ABPRG50,
ABPT3513,
ABPT3516,
ABPT3519,
ABPT3913,
ABPT3916,
ABPT4213,
ABPT4216,
ABPT4219,
ABPT4225,
ABPT4232,
ABPT4819,
ABPT4825,
ABPT4832,
ABPT4838,
ABPT4850,
ABPU025,
ABPU037,
ABPU040,
ABPU050,
ABPU063,
ABR3509,
ABR3509BLE,
ABR3511,
ABR3513,
ABR3513BLE,
ABR3516,
ABR3516BLE,
ABR3519,
ABR3522,
ABR3525,
ABR3913,
ABR3916,
ABR3919,
ABR3925,
ABR3932,
ABR4213,
ABR4213BLE,
ABR4216,
ABR4216BLE,
ABR4219,
ABR4219BLE,
ABR4225,
ABR4232,
ABR4250,
ABR4810,
ABR4811,
ABR4812,
ABR4816,
ABR4819,
ABR4825,
ABR4825BLE,
ABR4832,
ABR4838,
ABR4845,
ABR4850,
ABR4860,
ABR4880,
ABR4890,
ABR5519,
ABR5522,
ABR5525,
ABR5532,
ABR5538,
ABR5560,
ABR5573,
ABRA015,
ABRA018,
ABRA022,
ABRA028,
ABRA035,
ABRA042,
ABRA048,
ABRA054,
ABRA060,
ABRA075,
ABRA090,
ABRA100,
ABRA110,
ABRA115,
ABRA125,
ABRA23509,
ABRA23513,
ABRA23519,
ABRA24213,
ABRA24216,
ABRA24219,
ABRA24225,
ABRA24816,
ABRA24819,
ABRA24825,
ABRA24832,
ABRA24838,
ABRA24850,
ABRC3509,
ABRC3513,
ABRC3516,
ABRC3519,
ABRC3913,
ABRC3916,
ABRC3919,
ABRC3925,
ABRC3938,
ABRC4213,
ABRC4216,
ABRC4219,
ABRC4225,
ABRC4232,
ABRC4238,
ABRC4810,
ABRC4816,
ABRC4819,
ABRC4825,
ABRC4832,
ABRC4838,
ABRC4845,
ABRC4850,
ABRC4860,
ABRC4880,
ABRC4890,
ABRC5525,
ABRC5573,
ABRE018,
ABRE022,
ABRE028,
ABRE035,
ABRE040,
ABRE048,
ABRE054,
ABRE060,
ABRE070,
ABRE075,
ABRE083,
ABRE090,
ABRE100,
ABRE110,
ABRE115,
ABRE125,
ABRE133,
ABRE140,
ABRE150,
ABRE160,
ABRE180,
ABRE200,
ABRE220,
ABRE250,
ABRE280,
ABRE300,
ABRE315,
ABRE355,
ABRE400,
ABRE450,
ABRE500,
ABRE560,
ABRE600,
ABRE630,
ABRE710,
ABRE800,
ABRE900,
ABRE910,
ABRE911,
ABRE912,
ABREA2018,
ABREA2022,
ABREA2028,
ABREA2035,
ABREA2040,
ABREA2048,
ABREA2054,
ABREA2060,
ABREA2075,
ABREA2090,
ABREA2110,
ABREA2115,
ABREA2125,
ABREA2140,
ABREA2160,
ABREA2200,
ABREA4018,
ABREA4022,
ABREA4028,
ABREA4035,
ABREA4040,
ABREA4048,
ABREA4054,
ABREA4060,
ABREA4075,
ABREA4090,
ABREA4110,
ABREA4115,
ABREA4125,
ABREA4140,
ABREA4160,
ABREA4200,
ABRI018,
ABRI022,
ABRI028,
ABRI035,
ABRI040,
ABRI048,
ABRI054,
ABRI060,
ABRI070,
ABRI075,
ABRI083,
ABRI090,
ABRI100,
ABRI110,
ABRI115,
ABRI125,
ABRI133,
ABRI140,
ABRI150,
ABRI160,
ABRI180,
ABRI200,
ABRI220,
ABRI250,
ABRI280,
ABRI300,
ABRI315,
ABRI355,
ABRI400,
ABRI450,
ABRI500,
ABRI560,
ABRI600,
ABRI630,
ABRI710,
ABRI800,
ABRI900,
ABRI910,
ABRI911,
ABRI912,
ABRIA2018,
ABRIA2022,
ABRIA2028,
ABRIA2035,
ABRIA2040,
ABRIA2048,
ABRIA2054,
ABRIA2060,
ABRIA2075,
ABRIA2090,
ABRIA2110,
ABRIA2115,
ABRIA2125,
ABRIA2140,
ABRIA2160,
ABRIA4018,
ABRIA4022,
ABRIA4028,
ABRIA4035,
ABRIA4040,
ABRIA4048,
ABRIA4054,
ABRIA4060,
ABRIA4075,
ABRIA4090,
ABRIA4110,
ABRIA4115,
ABRIA4125,
ABRIA4140,
ABRIA4160,
ABRID016,
ABRID020,
ABRID025,
ABRID032,
ABRID040,
ABRID050,
ABRID063,
ABRID075,
ABRID090,
ABRID110,
ABRID125,
ABRID140,
ABRID160,
ABRT3509,
ABRT3513,
ABRT3516,
ABRT3519,
ABRT3913,
ABRT3916,
ABRT3919,
ABRT3925,
ABRT4213,
ABRT4216,
ABRT4219,
ABRT4225,
ABRT4232,
ABRT4238,
ABRT4250,
ABRT4810,
ABRT4811,
ABRT4812,
ABRT4813,
ABRT4816,
ABRT4819,
ABRT4825,
ABRT4832,
ABRT4838,
ABRT4845,
ABRT4850,
ABRT4860,
ABRT4880,
ABRT4890,
ABRT5519,
ABRT5525,
ABRT5532,
ABRT5538,
ABRT5560,
ABRT5573,
ABSA050100,
ABSA050125,
ABSA050200,
ABSA050300,
ABSA050400,
ABSA050500,
ABSA050600,
ABSA100100,
ABSA100125,
ABSA100200,
ABSA100300,
ABSA100400,
ABSA100500,
ABSI003,
ABSI004,
ABSI005,
ABSI006,
ABSI007,
ABSI008,
ABSI009,
ABSI010,
ABSI011,
ABSI012,
ABSI013,
ABSI014,
ABSI015,
ABSI016,
ABSI017,
ABSI018,
ABSI019,
ABSI020,
ABSI021,
ABSI022,
ABSI025,
ABTA0640,
ABTA0650,
ABTA0730,
ABTA0740,
ABTA0750,
ABTA0760,
ABTA0770,
ABTA0780,
ABTA0860,
ABTA1050,
ABTA1070,
ABTA1090,
ABTA20630,
ABTAB0640,
ABTAB0650,
ABTC020,
ABTC025,
ABTD016,
ABTD018,
ABTD020,
ABTD022,
ABTD025,
ABTD028,
ABTG4530,
ABTG4535,
ABTG4540,
ABTG5030,
ABTG5040,
ABTO06015,
ABTR05030,
ABTR05040,
ABTR05050,
ABTR05060,
ABTR06040,
ABTR06050,
ABTR06060,
ABTS014,
ABTS016,
ABTS018,
ABTS020,
ABTS022,
ABTS025,
ABTS028,
ABTS032,
AC0715E,AX
AC0767,AX
AC0815,
AC5-440/10,JB
AC5-440/7,JB
AC5-440/8,JB
AC5-440/9,JB
AC8102,
AC8618,
AC8621,
ACA0000,DV
ACAU,
ACC1210,FUR
ACCACCKLEK40SIM,
ACCENT50WGU5.,AG
ACCLA00006,
ACCLA00007,
ACCLA00008,
ACCLA00011,
ACCLA00012,
ACCLA00020,
ACCLA00021,
ACCLA00022,
ACCLA00023,
ACCLA00024,
ACCLA00025,
ACCLA00026,
ACCLA00027,
ACCLA00091,
ACCLA00092,
ACCLA00093,
ACCLA00094,
ACCLA00095,
ACCLA00096,
ACCLA00097,
ACCLA00129,
ACCLA00130,
ACCLA00131,
ACCLA00134,
ACCLA00135,
ACCLA00141,
ACCLA00142,
ACCLA00143,
ACCLA00145,
ACCLA00175,
ACCLA00176,MF
ACCLA00177,
ACCLA00178,
ACCLA00181,
ACCLA00182,
ACCLA00183,
ACCLA00195,
ACCLA00300,
ACCLA00485,
ACCLA00487,
ACCLA00488,
ACCLA00489,
ACCLA00490,
ACCLA00491,
ACCLA00492,
ACCLA00493,
ACCLA00494,
ACCLA00495,
ACCLA00496,
ACCLA00497,
ACCLA00498,
ACCLA00499,
ACCLA00500,
ACCLA00501,
ACCLA00502,
ACCLA00503,
ACCLA00504,
ACCLA00505,
ACCLA00506,
ACCLA00507,
ACCLA00508,
ACCLA00509,
ACCLA00510,
ACCLA00511,
ACCLA00512,
ACCLA00513,
ACCLA00514,
ACCLA00515,
ACCLA00516,
ACCLA00517,
ACCLA00518,
ACCLA00519,
ACCLA00520,
ACCLA00521,
ACCLA00524,
ACCLA00525,
ACCLA00527,
ACCLA00530,
ACCLA00531,
ACCLA00532,
ACCLA00533,
ACCLA00534,
ACCLA00535,
ACCLA00536,
ACCLA00537,
ACCLA00538,
ACCLA00540,
ACCLA00565,
ACCLA00566,
ACCLA00567,
ACCLA00574,
ACCLA00575,
ACCLA00576,
ACCLA00577,
ACCLA00578,
ACCLA00579,
ACCLA00587,
ACCLA00588,
ACCLA00619,
ACCLA00620,
ACCLA00621,
ACCLA00632,
ACCLA00633,
ACCLA00710,
ACCLA00750,
ACCLA00751,MF
ACCLA00752,MF
ACCLA00753,
ACCLA00754,
ACCLA00755,
ACCLA00756,
ACCLA00778,
ACCLA00779,
ACCLA00780,
ACCLA00781,
ACCLA00850,
ACCLA00851,
ACCLA00852,
ACCLA01095,
ACCLA01096,
ACCLA01097,
ACCLA01098,
ACCLA01099,
ACCLA01125,
ACCLA01126,
ACCLA01300,
ACCLA01310,
ACCLA01311,
ACCLA01312,
ACCLA01313,
ACCLA01315,
ACCLA01316,
ACCLA01317,
ACCLA01318,
ACCLA01321,
ACCLA01330,
ACCLA01335,
ACCLA01350,
ACCLA01351,
ACCLA01352,
ACCLA01450,
ACCLA30001,
ACCLA30002,
ACCLA30003,
ACCLA30004,
ACCLA30005,
ACCLA30006,
ACCLA30007,
ACCLA30008,
ACCLA30009,
ACCLA30025,
ACCLA30026,
ACCLA30027,
ACCLA30028,
ACCLA30029,
ACCLA30030,
ACCLA30031,
ACCLA30032,
ACCLA30033,
ACCLA30034,
ACCLA30035,
ACCLA30036,
ACCLA30040,
ACCLA30041,
ACCLA30042,
ACCLA30043,
ACCLA30044,
ACCLA30045,
ACCLA30046,
ACCLA30047,
ACCLA30048,
ACCLA30049,
ACCLA30050,
ACCLA30051,
ACCLA30052,
ACCLA30063,
ACCLA30064,
ACCLA30068,
ACCLA30075,
ACCLA30076,MF
ACCLA30077,MF
ACCLA30078,MF
ACCLA30079,MF
ACCLA30080,MF
ACCLA30081,
ACCLA30082,
ACCLA30083,MF
ACCLA30090,MF
ACCLA30091,MF
ACCLA30092,MF
ACCLA30093,MF
ACCLA30094,MF
ACCLA30095,MF
ACCLA30098,
ACCLA30099,
ACCLA30101,
ACCLA30102,
ACCLA30103,
ACCLA30104,
ACCLA30105,
ACCLA30106,
ACCLA30107,
ACCLA30108,
ACCLA30115,
ACCLA30116,
ACCLA30117,
ACCLA30118,
ACCLA30119,
ACCLA30125,
ACCLA30126,
ACCLA30130,
ACCLA30131,
ACCLA30135,
ACCLA30140,
ACCLA30150,
ACCLA30151,MF
ACCLA30152,MF
ACCLA30153,
ACCLA30154,
ACCLA30155,
ACCLA30156,
ACCLA30160,
ACCLA30161,
ACCLA30162,
ACCLA30163,
ACCLA30164,
ACCLA30165,
ACCLA30166,
ACCLA30180,
ACCLA30181,
ACCLA30182,
ACCLA30200,
ACCLA30201,
ACCLA30202,
ACCLA30203,
ACCLA30204,
ACCLA30205,
ACCLA30206,
ACCLA30207,
ACCLA30208,
ACCLA30239,
ACCLA30240,
ACCLA30241,
ACCLA30242,
ACCLA30243,
ACCLA30244,
ACCLA30245,
ACCLA30260,
ACCLA30261,
ACCLA30300,
ACCLA30301,
ACCLA30302,
ACCLA30303,
ACCLA30304,
ACCLA30305,
ACCLA30306,
ACCLA30307,
ACCLA30308,
ACCLA30309,
ACCLA30310,
ACCLA30311,
ACCLA30312,
ACCLA30313,
ACCLA30314,
ACCLA30315,
ACCLA30316,
ACCLA30317,
ACCLA30318,
ACCLA30319,
ACCLA30320,
ACCLA30321,
ACCLA30322,
ACCLA30324,
ACCLA30325,
ACCLA30326,
ACCLA30327,
ACCLA30328,
ACCLA30329,
ACCLA30330,
ACCLA30331,
ACCLA30332,
ACCLA30333,
ACCLA30334,
ACCLA30335,
ACCLA30336,
ACCLA30337,
ACCLA30338,
ACCLA30339,
ACCLA30340,
ACCLA30341,
ACCLA30342,
ACCLA30343,
ACCLA30344,
ACCLA30345,
ACCLA30346,
ACCLA30347,
ACCLA30348,
ACCLA30349,
ACCLA30350,
ACCLA30351,
ACCLA30352,
ACCLA30353,
ACCLA30354,
ACCLA30355,
ACCLA30356,
ACCLA30357,
ACCLA30358,
ACCLA30360,
ACCLA30361,
ACCLA30362,
ACCLA30363,
ACCLA30364,
ACCLA30365,
ACCLA30366,
ACCLA30367,
ACCLA30368,
ACCLA30369,
ACCLA30370,
ACCLA30371,
ACCLA30372,
ACCLA30373,
ACCLA30374,
ACCLA30375,
ACCLA40001,
ACCLA40002,
ACCLA40003,
ACCLA40004,
ACCLA40005,
ACCLA40006,
ACCLA40007,
ACCLA40008,
ACCLA40009,
ACCLA40010,
ACCLA40011,
ACCLA50001,
ACCLA50002,
ACCLA50004,
ACCLA50005,
ACCLA50006,
ACCLA50007,
ACCLA50023,
ACCLA50024,
ACCLA50025,
ACCLA50026,
ACCLA50027,
ACCLA50028,
ACCLA50029,
ACCLA50041,
ACCLA50042,
ACCLA50043,
ACCLA50044,
ACCLA50051,
ACCLA50052,
ACCLA50053,
ACCLA50054,
ACCLA50055,
ACCLA50056,
ACCLA50057,
ACCLA50058,
ACCLA50059,
ACCLA50060,
ACCLA50061,
ACCLA50062,
ACCLA50082,
ACCLA50083,
ACCLA50085,
ACCLA50090,
ACCO,
ACCSB23003,
ACCSB23004,
ACCSB23030,
ACCSB30005,
ACCSB31001,
ACCSB31002,
ACCSB31003,
ACCSB33313,
ACCSB36244,
ACCSB44002,
ACCSB49001,
ACCSB49002,
ACCSB49003,
ACCSB62002,
ACCSB62354,
ACCSB62355,
ACCSB62356,
ACCSB62406,
ACCSB62506,
ACCSB62607,
ACCSB62610,
ACCSB66005,
ACCSB67106,
ACCSB68004,
ACCSB69002,
ACCSB73001,
ACCSB74202,
ACCSB74503,
ACCSB75504,
ACCSB75911,
ACCSB91003,
ACCSI00002,
ACCSI00003,
ACCSI00004,
ACCSI00041,
ACCSI10030,
ACCST35282,
ACCST35481,
ACCST35482,
ACCST35483,
ACCST70003,
ACCST70004,
ACCST70005,
ACCST70006,
ACCST70024,
ACCST70204,
ACCST70206,
ACCU,
ACDE,
ACEMOT01,
ACFTK00012,
ACFTK00029,
ACFTK00072,
ACFTK00073,
ACFTK00074,
ACFTK00075,
ACFTK00077,
ACFTK00079,
ACFTK00084,
ACFTK00779,
ACFTK01007,
ACFTK01008,
ACFTK01136,
ACHA12C,
ACHA14C,
ACHA16C,
ACHAA208C,
ACHAA210C,
ACHAA212C,
ACHAFO08C,
ACHAFO10C,
ACHAFO12C,
ACHE08C,
ACHE09C,
ACHE10C,
ACHE10L,
ACHE11C,
ACHE12C,
ACHE12L,
ACHG12C,
ACHG14C,
ACHG16C,
ACHGA208C,
ACHGA210C,
ACHGA212C,
ACHGE10,
ACHGE12,
ACHGFO08C,
ACHGFO10C,
ACHGFO12C,
ACHINB08C,
ACHINB08L,
ACHINB10C,
ACHINB10L,
ACHINN08C,
ACHT8808C,
ACHT8808E,
ACHT8808L,
ACHT8810C,
ACHT8810E,
ACHT8810L,
ACHT8812C,
ACHT8812L,
ACHT8816C,
ACHT8816L,
ACHT8820C,
ACHTA208C,
ACHTA208L,
ACHTA210C,
ACHTA210L,
ACHTA212C,
ACHTA212L,
ACHTA216C,
ACHTA216L,
ACHTA220C,
ACHTPI08C,
ACHTPI08L,
ACHTPI10C,
ACHTPI10L,
ACHTPI12C,
ACHTPI12L,
ACHTPL08C,
ACHTPL08L,
ACHTPL10L,
ACHTPL12C,
ACHTPL12L,
ACJLH00050,
ACJLH00054,
ACJLH00101,
ACJLH00102,
ACJLH00103,
ACJLH00105,
ACJLH00107,
ACLA,
ACO001,
ACO523E,
ACP0000,DV
ACPE,
ACTIB7,FIL
ACTV,
ACWC,
AD017XX,VZ
AD103BL,VZ
ADBLUE10,
ADEMUZ4,
ADEMUZ6,
ADEST-1L,
ADEST-5L,
ADHE,
ADUTC47,
ADUTC60,
AF0015,
AF0019,
AF0025,
AF0030,
AF0035,
AF0040,
AF123130,GILMA
AF126220,GILMA
AF126570,GILMA
AF126580,GILMA
AF126600,GILMA
AF126610,GILMA
AF132010,GILMA
AF141250,GILMA
AF151170,GILMA
AF151180,GILMA
AF1515,
AF1525,
AF1915,
AF1925,
AFAZ144819,
AFAZ144828,
AFAZ144835,
AFBL144819,
AFBL144828,
AFBL144835,
AFGR144819,
AFGR144828,
AFGR144835,
AFICAD1,
AFMC144819,
AFMC144828,
AFMC144835,
AFMD144819,
AFMD144828,
AFMD144835,
AFNE144819,
AFNE144828,
AFNE144835,
AFO18585,
AFO35984,
AFO36008,
AFO36010,
AFP131260,GILMA
AFP131261,GILMA
AFPG144819,
AFPG144828,
AFPG144835,
AFRD144819,
AFRD144828,
AFRD144835,
AFRT144819,
AFRT144828,
AFRT144835,
AFS0000,DV
AFVE144819,
AFVE144828,
AFVE144835,
AFZN144819,
AFZN144828,
AFZN144835,
AG006NT,VZ
AG008NT,VZ
AG010NT,VZ
AG14,
AG206NT,VZ
AG208NT,VZ
AG210NT,VZ
AG2-35,CI
AG262NT,VZ
AG264NT,VZ
AG265NT,VZ
AG266NT,VZ
AG267NT,VZ
AG268NT,VZ
AG272NT,VZ
AG273NT,VZ
AG274NT,VZ
AG275NT,VZ
AG276NT,VZ
AG278NT,VZ
AG280EX,VZ
AG406NT,VZ
AG408NT,VZ
AG410NT,VZ
AG412NT,VZ
AGA1000,JMA
AGA1100,JMA
AGA1200,JMA
AGA18D0,JMA
AGA18I0,JMA
AGA19D0,JMA
AGA19I0,JMA
AGA2900,JMA
AGA3I00,JMA
AGA4D00,JMA
AGA4I00,JMA
AGA5D00,JMA
AGA5I00,JMA
AGA6D00,JMA
AGA6I00,JMA
AGA9I00,JMA
AGFRILED444,SEVERIN
AGFRIPL16,SEVERIN
AGP023025,
AGP026028,
AGP029031,
AGP032035,
AGP036039,
AGP040043,
AGP044047,
AGP048051,
AGP052055,
AGP056059,
AGP060063,
AGP064067,
AGP068073,
AGP074079,
AGP080085,
AGP086091,
AGP092097,
AGP098103,
AGP104112,
AGP113121,
AGP122130,
AGP131139,
AGP140148,
AGP149161,
AGP162174,
AGUA1PLA,
AGUA4PLA,
AH06060,
AH06070,
AH06080,
AH06090,
AH06100,
AH06110,
AH06120,
AH06130,
AH06140,
AH06150,
AH06160,
AH06170,
AH06180,
AH08060,
AH08090,
AH08100,
AH08115,
AH08120,
AH08130,
AH08155,
AH10070,
AH10080,
AH10100,
AH10120,
AH10140,
AH10150,
AH10160,
AH10170,
AH10210,
AH10230,
AH12090,
AH12100,
AH12120,
AH12130,
AH12140,
AH12160,
AH12180,
AH12200,
AH12220,
AH12250,
AH14120,
AH14145,
AH14170,
AH14220,
AH14250,
AH16145,
AH16170,
AH16220,
AH16250,
AH16280,
AH20220,
AH20270,
AH230,CI
AH52,
AH52-01,
AH52-02,
AH52-03,
AH52-04,
AH52-05,
AH52-06,
AH52-07,
AH52-08,
AH52-09,
AH52-10,
AH52-11,
AH52-12,
AH52-13,
AH52-14,
AH52-15,
AH52-16,
AH52-17,
AH52-18,
AH52-19,
AH52-20,
AH52-21,
AH52-22,
AH52-23,
AH52-24,
AH52-25,
AH52-26,
AHIAR0645,
AHIAR0855,
AHIAR1065,
AHIAR1275,
AHIAR1690,
AHICA0645,
AHICA0855,
AHICA1065,
AHICA1275,
AHICA1690,
AHICI0645,
AHICI0855,
AHICI1065,
AHIGA0645,
AHIGA0855,
AHIGA1065,
AHIGA1275,
AHIGA1690,
AHITO0645,
AHITO0855,
AHITO1065,
AHITO1275,
AHITO1690,
AI020R,MAIOL
AI025R,MAIOL
AI030R,MAIOL
AI035R,MAIOL
AI040R,MAIOL
AI045R,MAIOL
AI050R,MAIOL
AI055R,MAIOL
AI060R,MAIOL
AI070R,MAIOL
AI075R,MAIOL
AI080R,MAIOL
AI090R,
AI100R,MAIOL
AI110R,MAIOL
AI120R,MAIOL
AIS000006,
AIS000009,
AIS000015,
AIS08080,
AIS08100,
AIS08120,
AIS08140,
AISAR00005,
AISAR00301,
AISAR00302,
AISAR00303,
AISAR00304,
AISAR00411,
AISAR00412,
AISAR00414,
AISAR00416,
AISAR00702,
AISAR02500,
AISAR02702,
AISAR02703,
AISAR02704,
AISAR02706,
AISAR02707,
AISAR02708,
AISAR02709,
AISC10070,
AISC10090,
AISC10110,
AISC10130,
AISC16,AG
AISC20,AG
AISC25,AG
AISC32,AG
AISC40,AG
AISC50,AG
AISCRM16,AG
AISCRM20,AG
AISCRM25,AG
AISCRM40,AG
AISCRM50,AG
AISWXCM20GRS,AG
AJ10,
AJ11,
AJ12,
AJ13,
AJ14,
AJ15,
AJ16,
AJ17,
AJ18,
AJ19,
AJ2,
AJ20,
AJ21,
AJ22,
AJ23,
AJ24,
AJ25,
AJ26,
AJ27,
AJ28,
AJ29,
AJ3,
AJ30,
AJ31,
AJ32,
AJ33,
AJ34,
AJ35,
AJ36,
AJ37,
AJ38,
AJ39,
AJ4,
AJ40,
AJ41,
AJ42,
AJ43,
AJ44,
AJ45,
AJ46,
AJ47,
AJ48,
AJ5,
AJ6,
AJ7,
AJ8,
AJ9,
AK1500,
AK1515,
AK1525,
AL0701E,AXIL
AL080,MAIOL
AL090,MAIOL
AL100,MAIOL
AL110,MAIOL
AL120,MAIOL
AL125,MAIOL
AL130,MAIOL
AL140,MAIOL
AL150,MAIOL
AL160,MAIOL
AL180,MAIOL
AL200,MAIOL
AL250,MAIOL
AL300,MAIOL
ALCOKBO,EC
ALCOKCR,EC
ALCOKUD,EC
ALCOKVN,EC
ALCU175250,AMIG
ALF16888,ALFA
ALF41255,ALFA
ALF44351,ALFA
ALF48287,ALFA
ALHA14025,
ALHA16030,
ALHA17040,
ALHA18040,
ALHA18050,
ALHA19050,
ALHA19060,
ALHA19070,
ALHA20050,
ALHA20060,
ALHA20070,
ALHA20080,
ALHA21070,
ALHA21080,
ALHA21090,
ALHA21100,
ALHA22110,
ALHA22120,
ALHA23130,
ALHAB16030,
ALHAB17040,
ALHAB18050,
ALHAB19060,
ALHC14025,
ALHC16030,
ALHC17040,
ALHC18040,
ALHC18050,
ALHC19050,
ALHC19060,
ALHC19070,
ALHC20050,
ALHC20060,
ALHC20070,
ALHC20080,
ALHC21070,
ALHC21080,
ALHC21090,
ALHC21100,
ALHC22110,
ALHC22120,
ALHC23130,
ALHCB16030,
ALHCB17040,
ALHCB18050,
ALHCB19060,
ALIMUNI30,
ALPL45060,
ALPL45080,
ALPL45100,
ALPL50120,
ALRE20015,
ALRE25020,
ALRE25025,
ALRE25030,
ALRE35040,
ALRE35050,
ALRE40060,
ALRE40070,
ALRE40080,
ALRO14025,
ALRO16030,
ALRO17040,
ALRO18040,
ALRO18050,
ALRO19050,
ALRO19060,
ALRO19070,
ALRO20060,
ALRO20070,
ALRO20080,
ALRO21080,
ALRO21090,
ALRO22100,
ALRO22110,
ALRO22120,
ALRO23130,
ALROB16030,
ALROB17040,
ALROB18050,
ALROB19060,
ALYCO170840,
AM06045,
AM06055,
AM06060,
AM06065,
AM06070,
AM06080,
AM06085,
AM06090,
AM06100,
AM06110,
AM06130,
AM06150,
AM06160,
AM06170,
AM06180,
AM0761E,AX
AM08050,
AM08060,
AM08065,
AM08115,
AM08120,
AM08130,
AM08155,
AM10065,
AM10080,
AM10100,
AM10140,
AM10150,
AM10160,
AM10170,
AM10210,
AM10230,
AM12075,
AM12080,
AM12100,
AM12120,
AM12180,
AM12220,
AM12250,
AM1304,
AM14080,
AM14100,
AM14120,
AM14145,
AM14170,
AM14220,
AM14250,
AM16090,
AM16110,
AM162,CI
AM16220,
AM16250,
AM16280,
AM20220,
AM20270,
AM24180,
AM24260,
AM311L2,
AM6140E,AXIL
AM9500,
AM9768,
AM9873A,
AMAN2G,
AMEK24S,
AMH-10000E,
AMH-10000E-1,
AMOLUX91,
AMP0174,
AMP019/21,
AMPANT01,
AMPANT02,
AN0427E,AXIL
ANCLA40,
ANCLA47,
ANCU06040,
ANCU06070,
ANDA50,
ANDALIMPIA-5L,
ANFA2312,
ANFA2316,
ANFA2319,
ANFA2323,
ANFA2330,
ANFA2335,
ANFA5114,
ANFA5116,
ANFA5120,
ANFA5124,
ANFATA37B,
ANFATA70B,
ANFAZ5021,
ANFORA,
ANG4020PL,
ANT80,
ANTEF33,
ANTEF35,
ANTEF38,
ANTEF41,
ANTEF43,
ANTEF45,
ANTEF48,
ANTEF51,
ANTEF53,
ANTEF55,
ANTEF58,
ANTEF60,
ANTEF65,
ANTEF70,
ANTEF75,
ANTEF80,
ANTI150/10,
ANTI200/10,EHLIS
ANTI200/50N,EHLIS
AP014P,
AP020,
AP025,MAIOL
AP030,
AP032,MAIOL
AP035,
AP038,MAIOL
AP040,MAIOL
AP050,MAIOL
AP050P,
AP060,MAIOL
AP070,MAIOL
AP075P,
AP080,MAIOL
AP08050,
AP08075,
AP08095,
AP08115,
AP090,MAIOL
AP100,MAIOL
AP10090,
AP100P,
AP10105,
AP10115,
AP10135,
AP10165,
AP10185,
AP110,MAIOL
AP120,MAIOL
AP12080,
AP12100,
AP12110,
AP12120,
AP12130,
AP12150,
AP12180,
AP12200,
AP127,MAIOL
AP150,
AP16145,
AP16175,
AP16220,
AP16250,
AP171,
AP172,LK
AP173,
AP174,
AP175,
AP176,
AP177,
AP178,
AP179,LK
AP180,LK
AP181,
AP184,
AP200,MAIOL
AP20170,
AP20200,
AP204P,
AP206P,
AP222P,
AP225,
AP24205,
AP24235,
AP250,MAIOL
AP310,
AP315,
AP450P,
AP475P,
AP810,
AP820,
AP830,
APA408068,
APA408075,
APA408090,
APA408115,
APA408135,
APA408165,
APA410090,
APA410105,
APA410115,
APA410135,
APA410155,
APA410185,
APA412110,
APA412120,
APA412145,
APA412170,
APA412200,
APA416130,
APA416150,
APA416185,
APA416220,
APAR070,
APAR150,
APAT071,
APAT091,
APAT101,
APB-624,
APEN71,
APEN91,
APFL801020,
APFUZ100,
APG06060,
APG06070,
APG06100,
APG08050,
APG08060,
APG08075,
APG08095,
APG08115,
APG10070,
APG10090,
APG10105,
APG10115,
APG10135,
APG10165,
APG10185,
APG12080,
APG12110,
APG12130,
APG12150,
APG12180,
APG12200,
APG16125,
APG16145,
APG16175,
APG16220,
APG20170,
APG20200,
APIS0001,FY
APP,DICOPEX
APP-1,
APPD100,
APPG070,
APPG100,
APPT071,
APPT091,
APPT101,
APSB71,
APSB91,
APUEZ200,
APV,
APV10,
APV11,
APV12,
APV13,
APV14,
APV15,
APV16,
APV17,
APV18,
APV19,
APV20,
APV21,
APV22,
APV24,
APV25,
APV26,
APV27,
APV28,
APV29,
APV30,
APV32,
APV33,
APV34,
APV35,
APV37,
APV38,
APV39,
APV40,
APV41,
APV42,
APV43,
APV44,
APV45,
APV46,
APV47,
APV48,
APV49,
APV50,
APV51,
APV52,
APV53,
APV54,
APV55,
APV56,
APV57,
APV58,
APV59,
APV60,
APV61,
APV62,
APX08050,
APX08075,
APX08080,
APX08095,
APX08115,
APX10090,
APX10105,
APX10115,
APX10135,
APX10165,
APX10185,
APX12080,
APX12100,
APX12110,
APX12120,
APX12130,
APX12150,
APX12180,
APX12200,
APX12220,
APX12255,
APX16145,
APX16175,
APX16220,
APX16250,
APX20170,
APX20200,
AR100,MANUFACTURASGRE
AR1009,MANUFACTURASGRE
AR100W,MANUFACTURASGRE
AR1020P,MANUFACTURASGRE
AR1020W,MANUFACTURASGRE
AR10250,MANUFACTURASGRE
AR1030,MANUFACTURASGRE
AR1035,MANUFACTURASGRE
AR104,MANUFACTURASGRE
AR109,MANUFACTURASGRE
AR1130,MANUFACTURASGRE
AR11680,MANUFACTURASGRE
AR121E,MANUFACTURASGRE
AR124,MANUFACTURASGRE
AR125,MANUFACTURASGRE
AR200,MANUFACTURASGRE
AR2000,MANUFACTURASGRE
AR202,GRE
AR20637,MANUFACTURASGRE
AR2064,MANUFACTURASGRE
AR20641,MANUFACTURASGRE
AR20682,MANUFACTURASGRE
AR2069,MANUFACTURASGRE
AR20693,MANUFACTURASGRE
AR20753,MANUFACTURASGRE
AR2084,MANUFACTURASGRE
AR210,MANUFACTURASGRE
AR2100,MANUFACTURASGRE
AR212,MANUFACTURASGRE
AR3801,
AR4DP00,JMA
AR500,MANUFACTURASGRE
AR501,MANUFACTURASGRE
AR502,MANUFACTURASGRE
AR503,MANUFACTURASGRE
AR505,MANUFACTURASGRE
AR506,MANUFACTURASGRE
AR508,MANUFACTURASGRE
AR509,MANUFACTURASGRE
AR510,MANUFACTURASGRE
AR511,MANUFACTURASGRE
AR512,MANUFACTURASGRE
AR521,MANUFACTURASGRE
AR79,MANUFACTURASGRE
AR82,MANUFACTURASGRE
AR86,MANUFACTURASGRE
AR89,MANUFACTURASGRE
ARAOL03803,
ARCIBLANC,
ARE164816,
ARE164819,
ARE165522,
ARE166320,
ARE166325,
ARE166332,
ARE166338,
ARE166350,
ARE4816,
ARE4819,
ARE5522,
ARE6320,
ARE6325,
ARE6332,
ARE6338,
ARE6350,
ARE6363,
ARE6380,
ARF600,
ARFOM06Z,
ARFOM08Z,
ARFOM10Z,
ARFOM12Z,
ARFOM16Z,
ARFU11,
ARINO14,
ARINO16,
ARINO18,
ARINO25,
ARINOM30,
ARNP30,MANUFACTURASGRE
ARRB14,MOLDURASBRIO,SL
ARSP14,MOLDURASBRIO,SL
ART14,MOLDURASBRIO,SL
ARTCULO-1,
ARTE,
ARTICULO,
AS-016,
AS-016/R,
AS-025,
AS-025/R,
AS-035,
AS-035/R,
AS-050,
AS-050/R,
AS-070,
AS-070/R,
AS-1350,
AS-316-200,
AS-316-250,
AS-316-325,
AS-350,
AS362N-QW,
AS-4600-200,
AS-4600-250,
AS-4600-325,
AS-4600-400,
AS-500,
AS-600,
AS6PN:30-40,METALURG.CERRAJ
ASCAB00019,
ASF008016,
ASF012022,
ASF016027,
ASF020032,
ASF025040,
ASF030045,
ASF035050,
ASF040060,
ASF050070,
ASF060080,
ASF070090,
ASF080100,
ASF090110,
ASF100120,
ASF110130,
ASF120140,
ASF130150,
ASF2010016,
ASF2012020,
ASF2016027,
ASF2020032,
ASF2025040,
ASF2032050,
ASF2040060,
ASF2050070,
ASF2060080,
ASF2070090,
ASF2080100,
ASF2090110,
ASF2100120,
ASF2110130,
ASF2120140,
ASF2130150,
ASFIR03,
ASFIR30,
ASFIRCA,
ASPBRO12,
ASPE,
ASPMETPIN1,
ASTFLAP1,EC
ASTFLAP2,EC
ASTFLAP6,EC
ASTWEAV1,EC
ASTWEAV3,EC
ASTWEAV4,EC
AT0015,
AT0019,
AT0025,
AT0030,
AT0505,
AT0537,
AT0538,
AT0561,
AT0801,
AT0805,
AT0806,
AT1024,
AT1515,
AT1525,
AT1925,
AT3684,
AT410P,
AT411P,
AT412P,
AT414P,
AT415P,
AT416P,
AT418P,LK
AT426P,LK
AT427P,LK
AT428P,LK
AT429P,LK
AT430P,LK
AT431P,LK
AT432P,LK
AT440P,
AT441P,
AT442P,
AT443P,
AT444P,
AT445P,
AT446P,
AT447P,
AT448P,
AT450P,
AT452P,
AT460P,
AT470P,
AT471P,
AT472P,
AT473P,
AT474P,
AT475P,
AT476P,
AT477P,
AT478P,
AT480P,
AT5864,
AT770P,
AT771P,LK
AT772P,
AT773P,LK
AT774P,
AT775P,LK
AT776P,
AT777P,
AT778P,
AT779P,LK
ATA,
ATA4832,
ATA4838,
ATA4845,
ATA4850,
ATA5538,
ATA5545,
ATA5550,
ATA5555,
ATA5565,
ATA6310,
ATA6350,
ATA6360,
ATA6370,
ATA6385,
ATAPO08AR,
ATAPO08BO,
ATAPO08BP,
ATAPO08NE,
ATAPO08RC,
ATAPO08RT,
ATAPO08VN,
ATAPO10AR,
ATAPO10BO,
ATAPO10BP,
ATAPO10NE,
ATAPO10RC,
ATAPO10RT,
ATAPO10VN,
ATEACC,
ATENMANEG,
ATG2015,
ATH42,
ATH42-001,
ATH42-002,
ATH42-003,
ATH42-004,
ATH42-005,
ATM0845G,FF
ATM1060G,FF
ATM40,
ATM40-001,
ATM40-002,
ATM40-003,
ATM40-004,
ATRD40,
ATRD40-001,
ATRD40-002,
ATRD40-003,
ATRM225,
ATRM225-001,
ATRM225-002,
ATRM225-003,
ATRM225-004,
ATRM225-005,
ATRM225-006,
ATS60,
ATS60-001,
ATS60-002,
ATS60-003,
ATS60-004,
ATS60-005,
ATS60-006,
ATT-AH,CI
ATT-P/25,CI
ATT-P/30,CI
ATV400,
AUE166319,
AUE166325,
AUE166332,
AUE166340,
AUE166350,
AUE166360,
AUE166380,
AUE186310,
AUE186311,
AUE186312,
AUE186313,
AUE186314,
AUE186315,
AUE186325,
AUE186332,
AUE186340,
AUE186350,
AUE186360,
AUE186380,
AUE256325,
AUE6310,
AUE6311,
AUE6312,
AUE6313,
AUE6314,
AUE6315,
AUE6319,
AUE6325,
AUE6332,
AUE6340,
AUE6350,
AUE6360,
AUE6380,
AUT0001,
AUT0002,
AUTO,
AUTO16532,
AUTO16538,
AUTO532,
AUTO538,
AV0015,
AV0019,
AV0025,
AV0301,
AV0823E,AXIL
AV0824E,AXIL
AV0924E,AX
AV0932E,AX
AV0933E,AX
AV0943E,AX
AV0946E,AX
AV0961E,AXIL
AV1202PVC35,
AV1515,
AV1525,
AV1925,
AVANTAGE,
AVC08120,
AVC08150,
AVC10120,
AVC10150,
AVC10180,
AVR08120,
AVR08150,
AVR10120,
AVR10150,
AVR10180,
AX100,
AX100AU,
AX100AV,
AX100KL,
AX100TB,
AX100TG,
AX107F,
AX107GH,
AX107I,
AX107L,
AX107MO,
AX107P,
AX107PL,
AX107SD,
AX110A,
AX116A,
AX116B,
AX11A,
AX11B,
AX11C,
AX136B,
AX136C,
AX136D,
AX136E,
AX136F,
AX136G,
AX142A,
AX142B,
AX150A,
AX150B,
AX150C,
AX150D,
AX150I,
AX150J,
AX153A,
AX153B,
AX153C,
AX155A,
AX157B,
AX165X,
AX170N,
AX170O,
AX170R,
AX199E,
AX25A,
AX25B,
AX25C,
AX25D,
AX25E,
AX25F,
AX25I,
AX25O,
AX25Q,
AX25R,
AX25T,
AX25U,
AX25W,
AX25Y,
AX26A,
AX26B,
AX26C,
AX26D,
AX26E,
AX26F,
AX26I,
AX26O,
AX26Q,
AX26R,
AX26T,
AX26U,
AX26W,
AX26Y,
AX28A,
AX28B,
AX28C,
AX28E,
AX28I,
AX28O,
AX28P,
AX28Q,
AX28R,
AX28S,
AX28T,
AX28U,
AX28W,
AX28Y,
AX670A,
AX75C,
AX81E,
AX81G,
AX81H,
AX81I,
AX81J,
AX81K,
AX81N,
AX83O,
AX87A,
AX87AA,
AX87B,
AX87BB,
AX87C,
AX87CA,
AX87CB,
AX87CC,
AX87CD,
AX87CE,
AX87CF,
AX87CH,
AX87CI,
AX87CJ,
AX87CK,
AX87CO,
AX87CP,
AX87CQ,
AX87CR,
AX87D,
AX87DA,
AX87DD,
AX87E,
AX87EE,
AX87FF,
AX87G,
AX87HH,
AX87I,
AX87J,
AX87K,
AX87KA,
AX87LK,
AX87LO,
AX87M,
AX87MP,
AX87N,
AX87NQ,
AX87O,
AX87OO,
AX87OS,
AX87Q,
AX87QO,
AX87R,
AX87RS,
AX87SA,
AX87SV,
AX87T,
AX87U,
AX87W,
AX87WW,
AX87XX,
AX87Y,
AX87YY,
AX87Z,
AX88A,
AX88LKS,
AX89A,
AX89B,
AX89C,
AX89D,
AX89E,
AX89F,
AX89G,
AX89H,
AX89I,
AX89J,
AX89K,
AX89L,
AX89M,
AX89N,
AX89O,
AX89T,
AX89V,
AX91AF,
AX91AI,
AX91AT,
AX91KO,
AX91TA,
AXPAP1,
AZ14000,JMA
AZ8D000,JMA
AZ90000,JMA
AZA2060500,
AZA2060750,
AZA2061000,
AZA2061250,
AZA2081500,
AZA2082000,
AZA2082500,
AZA2083000,
AZA2104000,
AZA2106000,
AZA2108000,
AZAD,
AZAMA06,
AZAMA08,
AZAMA10,
AZAMA12,
AZAMAFO06,
AZAMAFO08,
AZAMAFO10,
AZAMAFO12,
AZAMC06,
AZAMC10,
AZAMC12,
AZAMC16,
AZAME06,
AZAME08,
AZAME10,
AZAME12,
AZAME16,
AZAMG06,
AZAMG08,
AZAMG10,
AZAMG12,
AZAMGFO06,
AZAMGFO08,
AZAMGFO10,
AZAMGFO12,
AZAMT06,
AZAMT08,
AZAMT10,
AZAMT12,
AZAMT16,
AZIM060250,
AZIM060375,
AZIM060500,
AZIM060750,
AZIM061000,
AZIM061250,
AZIM081500,
AZIM082000,
AZIM082250,
AZIM082500,
AZIM083000,
AZIM083500,
AZIM084000,
AZIM084500,
AZIM085000,
AZIM086000,
AZIM103000,
AZIM103500,
AZIM104000,
AZIM105000,
AZIM106000,
AZIM108000,
